1,Tait Mc Caughan,tmc0@scribd.com,Finland,17:11,785
2,Padget McKee,pmckee1@hexun.com,China,20:19,537
3,Yalonda Jermyn,yjermyn2@omniture.com,China,18:11,579
4,Diannne Pharrow,dpharrow3@icio.us,Mongolia,23:16,1238
5,Virginie Maslin,vmaslin5@geocities.jp,Indonesia,23:43,744
6,Lorne Gaukrodge,lgaukrodge6@cyberchimps.com,Brazil,8:12,963
7,Carmella Tapenden,ctapenden7@wikipedia.org,China,0:33,713
8,Melonie Bleeze,mbleeze8@uol.com.br,Indonesia,2:28,585
9,Fax Cordaroy,fcordaroy9@i2i.jp,Russia,1:44,1163
10,Bord Duguid,bduguida@tiny.cc,Ivory Coast,2:18,1159
11,Caye Novotne,cnovotneb@sbwire.com,China,17:55,1456
12,Dorolisa Hamblen,dhamblenc@gnu.org,Poland,6:27,578
13,Siusan Essex,sessexd@youtube.com,Ecuador,0:28,1234
14,Harley Abyss,habysse@theguardian.com,Poland,15:00,1297
15,Arne Serraillier,aserraillierf@reverbnation.com,Ukraine,6:22,1191
16,Kit Mushart,kmushartg@slashdot.org,Moldova,0:26,647
17,Sande Doige,sdoigeh@acquirethisname.com,United States,12:43,644
18,Chandra Burnie,cburniei@spiegel.de,Denmark,8:00,1064
19,Theresina Phin,tphinj@symantec.com,Japan,15:35,739
20,Renae Badman,rbadmank@auda.org.au,Russia,4:27,621
21,Roma Obal,roball@opensource.org,China,13:48,969
22,Kym Pegg,kpeggm@livejournal.com,Russia,17:17,738
23,Roselin Brounsell,rbrounselln@shutterfly.com,Indonesia,1:48,1376
24,Carena Braghini,cbraghinio@skype.com,Croatia,3:55,647
25,Sonia Patton,spattonp@walmart.com,Bulgaria,1:00,805
26,Curtis Faires,cfairesq@xing.com,Serbia,3:58,760
27,Garrick Chandler,gchandlerr@theglobeandmail.com,Indonesia,4:42,701
28,Halli Grunwall,hgrunwalls@cmu.edu,Japan,4:06,1231
29,Carolan Redhole,credholet@godaddy.com,Indonesia,16:36,1284
30,Cindelyn Butterfield,cbutterfieldu@chicagotribune.com,Brazil,10:03,1401
31,Kerry Walbridge,kwalbridgev@chronoengine.com,France,3:15,592
32,Trent Bruyet,tbruyetw@weather.com,Indonesia,19:05,1468
33,Amargo Rey,areyx@slashdot.org,Argentina,20:06,1024
34,Elinore Bunstone,ebunstoney@mozilla.org,Argentina,1:36,1390
35,Bernetta Luety,bluetyz@sciencedaily.com,Indonesia,16:53,967
36,Junette Longega,jlongega10@hibu.com,United States,21:16,1330
37,Rebecka Creffeild,rcreffeild11@gnu.org,Indonesia,0:01,1058
38,Clo Redihalgh,credihalgh12@google.pl,Peru,9:46,614
39,Sophi Badland,sbadland13@virginia.edu,Barbados,21:22,1227
40,Verine Klisch,vklisch14@foxnews.com,Indonesia,7:31,1231
41,Josiah Wraight,jwraight15@hibu.com,Philippines,7:20,698
42,Evelyn Jeppe,ejeppe16@umich.edu,Guyana,6:27,858
43,Monroe Carff,mcarff17@people.com.cn,Indonesia,6:37,885
44,Kent Giovannilli,kgiovannilli18@mashable.com,Indonesia,8:53,1065
45,Lilla Antoons,lantoons19@mit.edu,Belarus,5:06,1402
46,Dynah Heppenspall,dheppenspall1a@taobao.com,United States,2:59,591
47,Tyrus Poland,tpoland1b@qq.com,Serbia,0:40,1457
48,Sharl Baiden,sbaiden1c@state.tx.us,Philippines,13:29,1337
49,Brandi Latch,blatch1d@slideshare.net,France,4:40,1159
50,Averill Hasker,ahasker1e@ebay.com,Canada,22:10,843
51,Aurora Wigelsworth,awigelsworth1f@phpbb.com,Argentina,9:53,1403
52,Pincus Breffit,pbreffit1g@usda.gov,China,20:24,1169
53,Neil Ivantyev,nivantyev1h@state.tx.us,Indonesia,10:50,609
54,Franky Stert,fstert1i@printfriendly.com,Indonesia,9:18,520
55,Minne Ianelli,mianelli1j@privacy.gov.au,Sierra Leone,10:32,1371
56,Derk Sancho,dsancho1k@pcworld.com,Armenia,5:15,1161
57,Darsie Braunlein,dbraunlein1l@mail.ru,France,16:24,1455
58,Purcell Knevet,pknevet1m@360.cn,China,7:47,1150
59,Timmie Hatch,thatch1n@pbs.org,Portugal,7:16,1435
60,Jerrold Bestiman,jbestiman1o@bizjournals.com,Indonesia,13:38,1276
61,Hobart Whartonby,hwhartonby1p@telegraph.co.uk,Croatia,8:50,967
62,Andrei Gringley,agringley1q@usa.gov,Philippines,18:55,645
63,Jarred MacNamara,jmacnamara1r@abc.net.au,Ireland,19:49,1430
64,Towney Dabnor,tdabnor1s@dell.com,Portugal,20:43,734
65,Sacha Shrieve,sshrieve1t@dell.com,France,4:20,781
66,Mareah Torres,mtorres1u@ow.ly,Brazil,6:54,921
67,Reinald M'Chirrie,rmchirrie1v@webnode.com,Brazil,7:39,933
68,Marylinda Lewtey,mlewtey1w@ed.gov,Honduras,5:09,634
69,Mariquilla Friary,mfriary1x@youtu.be,Iran,18:30,1371
70,Marcie Goodricke,mgoodricke1y@cbc.ca,Finland,4:24,1201
71,Abram Cathro,acathro1z@xrea.com,France,6:58,1363
72,Deeann Drinkale,ddrinkale20@sourceforge.net,Venezuela,9:15,813
73,Ronald MacAfee,rmacafee21@quantcast.com,Czech Republic,21:21,516
74,Henderson Tuiller,htuiller22@google.ru,Philippines,6:28,1237
75,Mile Toomey,mtoomey23@youku.com,Argentina,0:36,1126
76,Jonell Comazzo,jcomazzo24@cmu.edu,Colombia,21:32,1045
77,Noelle Izac,nizac25@stumbleupon.com,Guatemala,2:04,853
78,Shell Gascoyen,sgascoyen26@gmpg.org,Philippines,7:46,1440
79,Eva Lascelles,elascelles27@pbs.org,Colombia,22:09,1029
80,Gracia Kampshell,gkampshell28@mysql.com,Russia,12:12,1319
81,Iolanthe Gunney,igunney29@seattletimes.com,Iran,0:45,1150
82,Rusty Mowsdell,rmowsdell2a@plala.or.jp,Vietnam,11:30,1273
83,Natasha Drinkel,ndrinkel2b@surveymonkey.com,Philippines,18:40,856
84,Robinet Grabham,rgrabham2c@stanford.edu,China,21:40,967
85,Tami Wreiford,twreiford2d@yahoo.com,Czech Republic,6:20,508
86,Lanae Turmall,lturmall2e@networksolutions.com,Germany,2:55,1250
87,Svend Goch,sgoch2f@symantec.com,Thailand,21:44,661
88,Cherin Winney,cwinney2g@eventbrite.com,Pakistan,6:59,1161
89,Pancho Kevern,pkevern2h@bizjournals.com,Indonesia,15:11,1345
90,Bettye Boobyer,bboobyer2i@shutterfly.com,Indonesia,18:18,1311
91,Glennis McArtan,gmcartan2j@wix.com,China,7:11,1355
92,Adel Jobey,ajobey2k@fc2.com,Indonesia,1:19,946
93,Kathlin Cheley,kcheley2l@marriott.com,Peru,15:24,726
94,Vitia Benedidick,vbenedidick2m@bbc.co.uk,France,16:12,1291
95,Maura Dranfield,mdranfield2n@jiathis.com,Thailand,7:01,1248
96,Dorolisa Bidewell,dbidewell2o@pinterest.com,China,6:47,1474
97,Milena McGready,mmcgready2p@amazon.co.uk,China,5:57,1301
98,Dawna Ellor,dellor2q@princeton.edu,Venezuela,18:06,1394
99,Bird MacGhee,bmacghee2r@aboutads.info,China,5:02,1418
100,Tansy Oyley,toyley2s@census.gov,Indonesia,23:45,1085
101,Merrielle Innocenti,minnocenti2t@tripod.com,Indonesia,10:09,877
102,Easter Postance,epostance2u@indiegogo.com,Nigeria,20:42,1134
103,Anny Duckham,aduckham2v@admin.ch,Greece,14:36,1455
104,Andrus Inglesent,ainglesent2w@ibm.com,Thailand,20:14,1281
105,Abramo Chattaway,achattaway2x@pbs.org,Cape Verde,17:12,523
106,Nedda Mibourne,nmibourne2y@linkedin.com,China,11:44,773
107,Elisa Philippou,ephilippou2z@so-net.ne.jp,Bulgaria,4:29,566
108,Piggy Northcott,pnorthcott30@icq.com,France,5:36,1373
109,Hilarius De Bernardi,hde31@ed.gov,Norway,13:19,1212
110,Janna Ambrose,jambrose32@va.gov,China,10:33,575
111,Olivie Lennie,olennie33@accuweather.com,Portugal,14:07,800
112,Shaughn Gipp,sgipp34@clickbank.net,Dominican Republic,22:48,792
113,Kimball Saker,ksaker35@europa.eu,Indonesia,3:08,1370
114,Cesaro Belbin,cbelbin36@dmoz.org,Philippines,22:45,1189
115,Bethanne Sponton,bsponton37@wisc.edu,Poland,23:01,566
116,Gusti Andreucci,gandreucci38@pagesperso-orange.fr,Philippines,10:24,605
117,Gale Bullimore,gbullimore39@lycos.com,Indonesia,11:46,662
118,Gael Albarez,galbarez3a@slideshare.net,Israel,3:29,1299
119,Pegeen Lashford,plashford3b@thetimes.co.uk,France,9:08,765
120,Zachary Naldrett,znaldrett3c@barnesandnoble.com,Comoros,0:05,1440
121,Hakim Cornforth,hcornforth3d@sfgate.com,China,14:14,747
122,Eulalie Tincombe,etincombe3e@tmall.com,China,1:08,1249
123,Byran Finker,bfinker3f@histats.com,Indonesia,3:10,524
124,Katharyn Just,kjust3g@uiuc.edu,Indonesia,20:25,1272
125,Lilian Donwell,ldonwell3h@bigcartel.com,Thailand,23:51,1291
126,Tiffie Eyres,teyres3i@jigsy.com,China,9:47,1178
127,Bianka Shires,bshires3j@networksolutions.com,China,21:41,1422
128,Emmery Marshall,emarshall3k@slideshare.net,United States,7:54,1300
129,Glenda Cowherd,gcowherd3l@stanford.edu,Mexico,6:36,936
130,Giles Camin,gcamin3m@goo.gl,Mexico,12:59,1337
131,Worth Soppett,wsoppett3n@cornell.edu,Russia,17:20,809
132,Laverne Stevenson,lstevenson3o@nyu.edu,China,15:13,1261
133,Fabe Plesing,fplesing3p@free.fr,Portugal,14:57,784
134,Paloma Reihm,preihm3q@chicagotribune.com,Indonesia,7:53,508
135,Vanya Sandle,vsandle3r@yahoo.com,Albania,6:06,1313
136,Ceil Alldis,calldis3s@pen.io,China,7:33,1040
137,Marleah Hamlet,mhamlet3t@marriott.com,Sweden,4:19,1399
138,Mora Kubat,mkubat3u@newsvine.com,Czech Republic,7:44,785
139,Melinda Tabourel,mtabourel3v@economist.com,Ukraine,23:49,725
140,Rosina Josuweit,rjosuweit3w@ucsd.edu,Indonesia,7:05,522
141,Patrizio Ritch,pritch3x@smh.com.au,Argentina,6:30,885
142,Kiley Ilive,kilive3y@dedecms.com,Indonesia,3:47,573
143,Jillie Orteaux,jorteaux3z@mashable.com,Russia,4:00,920
144,Butch Kubacek,bkubacek40@homestead.com,Portugal,3:05,1361
145,Annalee Mawhinney,amawhinney41@baidu.com,Argentina,16:06,745
146,Brunhilda Antyshev,bantyshev42@histats.com,Serbia,20:38,982
147,Leesa Mateiko,lmateiko43@lycos.com,Poland,16:32,1180
148,Dori Stebbings,dstebbings44@addtoany.com,France,4:09,697
149,Morlee Blazynski,mblazynski45@imdb.com,Sweden,4:55,510
150,Hew Zanetti,hzanetti46@spiegel.de,Russia,1:03,1482
151,Dotti Yea,dyea47@yellowbook.com,Yemen,8:05,1336
152,Hernando Skillicorn,hskillicorn48@bluehost.com,Albania,9:38,927
153,Hyacintha Stopforth,hstopforth49@sciencedaily.com,Sweden,14:58,1022
154,Noellyn Greeves,ngreeves4a@scientificamerican.com,China,6:18,959
155,Morganica Caudle,mcaudle4b@comcast.net,Bulgaria,5:18,669
156,Lars De Minico,lde4c@loc.gov,Indonesia,19:13,1463
157,Tani Andri,tandri4d@wikispaces.com,Russia,7:36,722
158,Bradford Grise,bgrise4e@unesco.org,Ukraine,7:29,620
159,Bent Hayhow,bhayhow4f@gov.uk,Brazil,20:08,1436
160,Riordan Oaks,roaks4g@storify.com,Mexico,16:46,801
161,Phedra Barrows,pbarrows4h@trellian.com,Albania,9:07,966
162,Onfroi Loomis,oloomis4i@tumblr.com,Paraguay,22:47,1144
163,Mellisa Birkenshaw,mbirkenshaw4j@edublogs.org,China,17:32,1034
164,Jorrie Rodman,jrodman4k@aol.com,Russia,8:41,855
165,Janifer Mahaddie,jmahaddie4l@netvibes.com,Dominican Republic,12:10,1217
166,Danie Hulance,dhulance4m@imgur.com,Greece,2:42,568
167,Hermie Remirez,hremirez4n@icq.com,China,10:39,793
168,Marna Monroe,mmonroe4o@ihg.com,Bulgaria,22:33,1037
169,Dominique Paske,dpaske4p@diigo.com,China,16:10,502
170,Guillema Walicki,gwalicki4q@google.com,Thailand,19:42,925
171,Wanids Galego,wgalego4r@samsung.com,Czech Republic,8:50,1073
172,Feodor Rolley,frolley4s@desdev.cn,Ukraine,8:30,1428
173,Budd McLagan,bmclagan4t@whitehouse.gov,Iran,19:18,576
174,Wyn Redgrave,wredgrave4u@macromedia.com,Canada,4:15,801
175,Cassey Heymes,cheymes4v@networkadvertising.org,Kenya,9:32,1462
176,Merna Diggin,mdiggin4w@foxnews.com,Vietnam,15:05,519
177,Tammara Hug,thug4x@princeton.edu,China,7:14,1305
178,Luciano Roycroft,lroycroft4y@themeforest.net,Indonesia,23:01,513
179,Livvy Kleen,lkleen4z@cloudflare.com,Indonesia,16:31,1020
180,Aharon Cripwell,acripwell50@accuweather.com,Thailand,16:08,574
181,Ignacio Subhan,isubhan51@baidu.com,United States,1:09,734
182,Conrado Troutbeck,ctroutbeck52@canalblog.com,Colombia,23:55,995
183,Mordy Sherreard,msherreard53@blogger.com,China,2:28,545
184,Kakalina Moss,kmoss54@reverbnation.com,Indonesia,12:39,1048
185,Dagmar Bernardon,dbernardon55@patch.com,Ukraine,8:18,789
186,Aloin Elvidge,aelvidge56@vimeo.com,China,12:54,1481
187,Gwendolin Teulier,gteulier57@nydailynews.com,United States,15:26,1419
188,Jacenta Ledbury,jledbury58@cisco.com,Madagascar,3:08,1282
189,Gwenneth Grange,ggrange59@qq.com,Indonesia,15:44,1462
190,Ricky Feare,rfeare5a@blinklist.com,China,9:10,1062
191,Renato Schuchmacher,rschuchmacher5b@ovh.net,Vietnam,16:25,940
192,Ida Loyley,iloyley5c@nyu.edu,Indonesia,13:18,1133
193,Annabell McVrone,amcvrone5d@guardian.co.uk,Czech Republic,19:48,534
194,Tailor Goodley,tgoodley5e@qq.com,Poland,15:50,1472
195,Sandor Walshaw,swalshaw5f@spotify.com,China,22:41,990
196,Electra Dilon,edilon5g@goo.ne.jp,Portugal,1:31,988
197,Gavra Ellingsworth,gellingsworth5h@ning.com,Luxembourg,7:53,1094
198,Reinold Daniellot,rdaniellot5i@discovery.com,Colombia,2:14,887
199,Petrina Sigward,psigward5j@apple.com,Portugal,13:06,1348
200,Shela Rowcliffe,srowcliffe5k@dailymail.co.uk,Russia,3:21,621
201,Merline Junkin,mjunkin5l@bloomberg.com,Ukraine,15:56,1128
202,Ronny Benson,rbenson5m@indiatimes.com,Pakistan,18:35,1286
203,Petunia Durkin,pdurkin5n@toplist.cz,Latvia,16:16,658
204,Beatrix Insull,binsull5o@washingtonpost.com,Poland,7:20,735
205,Goober Whitley,gwhitley5p@buzzfeed.com,China,12:33,867
206,Heywood Primrose,hprimrose5q@aboutads.info,Mexico,21:33,1200
207,Mercie Broadnicke,mbroadnicke5r@yellowpages.com,Peru,17:28,1401
208,Novelia Dear,ndear5s@google.com.br,China,3:20,1258
209,Trenton Reeders,treeders5t@themeforest.net,Iran,23:50,1472
210,Bevan Naldrett,bnaldrett5u@parallels.com,China,3:51,1283
211,Ermanno Duke,eduke5v@redcross.org,New Caledonia,17:40,1372
212,Teodor Morphet,tmorphet5w@photobucket.com,Colombia,7:23,1062
213,Nicholas Jiroutek,njiroutek5x@wufoo.com,Russia,6:55,1436
214,Wendel Feldhuhn,wfeldhuhn5y@digg.com,Brazil,13:41,1006
215,Selig Demeter,sdemeter5z@webnode.com,Philippines,16:40,1047
216,Hillary Tapping,htapping60@gov.uk,Japan,3:36,1025
217,Charissa Coulsen,ccoulsen61@discovery.com,Namibia,23:37,1099
218,Blondy Full,bfull62@qq.com,Honduras,7:09,1470
219,Shelton Abramamovh,sabramamovh63@bigcartel.com,China,13:24,1346
220,Levey Fursey,lfursey64@tripod.com,Brazil,23:41,1265
221,Jeramie Satford,jsatford65@ted.com,China,15:10,597
222,Jessika Latus,jlatus66@mapy.cz,Ecuador,17:52,687
223,Wynn Offer,woffer67@webeden.co.uk,Philippines,1:13,610
224,Rozele Brayson,rbrayson68@cnbc.com,Russia,4:34,1082
225,Dre Michelotti,dmichelotti69@reddit.com,Sierra Leone,2:57,947
226,Sam Lubbock,slubbock6a@drupal.org,Latvia,4:59,1384
227,Hildegarde Stearley,hstearley6b@cisco.com,Portugal,21:58,1439
228,Renado Hrishanok,rhrishanok6c@wunderground.com,Russia,11:51,1118
229,Bernice Yorke,byorke6d@google.de,Indonesia,12:08,1388
230,Cherie Kinsey,ckinsey6e@furl.net,Portugal,16:20,715
231,Creigh Ferretti,cferretti6f@wix.com,Brazil,19:26,1457
232,Agnesse Ruckledge,aruckledge6g@sohu.com,Sweden,17:34,1191
233,Angie Mattiacci,amattiacci6h@goodreads.com,Italy,9:55,822
234,Gibb Devenport,gdevenport6i@dion.ne.jp,Canada,11:56,1292
235,Debee Jaimez,djaimez6j@delicious.com,Brazil,19:13,1082
236,Humberto O' Flaherty,ho6k@addthis.com,France,10:49,1342
237,Dyna Wistance,dwistance6l@linkedin.com,Dominican Republic,17:11,836
238,Lizbeth Weildish,lweildish6m@ezinearticles.com,Portugal,13:56,787
239,Charity Lycett,clycett6n@bbb.org,China,2:56,1197
240,Kym Whellams,kwhellams6o@state.gov,China,3:01,1109
241,Chery Morgon,cmorgon6p@cmu.edu,Iran,9:59,948
242,Murvyn Shilliday,mshilliday6q@wikimedia.org,Panama,0:30,569
243,Wileen Piddle,wpiddle6r@qq.com,Uganda,22:51,1049
244,Israel Klaiser,iklaiser6s@dmoz.org,Mexico,5:26,579
245,Eileen Rudgley,erudgley6t@furl.net,Poland,19:29,526
246,Jolyn O'Reagan,joreagan6u@spiegel.de,Peru,7:27,1028
247,Winna Cressingham,wcressingham6v@hao123.com,China,10:34,1369
248,Coop Corkan,ccorkan6w@slashdot.org,France,8:48,1398
249,Sunshine Bamfield,sbamfield6x@odnoklassniki.ru,Mongolia,18:38,1045
250,Callean Sudell,csudell6y@ihg.com,Philippines,9:59,1033
251,Aloysia Pre,apre6z@themeforest.net,Brazil,4:14,542
252,Florencia Huyghe,fhuyghe70@npr.org,China,11:50,1111
253,Cherlyn Escolme,cescolme71@ameblo.jp,China,20:15,992
254,Teodoor Mundell,tmundell72@soup.io,China,2:57,1108
255,Bevon Hemms,bhemms73@meetup.com,Czech Republic,6:25,996
256,Morganica Epilet,mepilet74@eepurl.com,Angola,2:00,1358
257,Viole Helliker,vhelliker75@pagesperso-orange.fr,Turkmenistan,7:43,634
258,Keven Peron,kperon76@fastcompany.com,United Kingdom,23:42,1035
259,Alisun Johnstone,ajohnstone77@cornell.edu,Mexico,3:28,821
260,Monica Bernardon,mbernardon78@google.pl,Indonesia,14:53,872
261,Tymon Sanches,tsanches79@drupal.org,China,21:47,1396
262,Florette Aizikov,faizikov7a@unesco.org,France,3:46,1282
263,Octavia Eastwood,oeastwood7b@constantcontact.com,Japan,2:03,590
264,Darlene Snazel,dsnazel7c@networkadvertising.org,China,17:27,801
265,Isa Pennrington,ipennrington7d@hc360.com,Indonesia,6:35,755
266,Mady Verrill,mverrill7e@slashdot.org,Ukraine,17:40,1088
267,Eachelle Dark,edark7f@mediafire.com,Indonesia,12:31,1068
268,Arlan Tedorenko,atedorenko7g@va.gov,Thailand,20:29,730
269,Shela Antwis,santwis7h@taobao.com,Japan,15:17,1448
270,Cordell Molian,cmolian7i@friendfeed.com,Indonesia,4:28,1330
271,Lyn Laxtonne,llaxtonne7j@nasa.gov,Canada,2:41,808
272,Rossy Longcake,rlongcake7k@altervista.org,Angola,12:31,1225
273,Johnathan Neles,jneles7l@joomla.org,United States,3:39,637
274,Teri Ianiello,tianiello7m@miitbeian.gov.cn,Latvia,20:48,987
275,Dirk Amoore,damoore7n@hp.com,China,12:11,1414
276,Dedie Hinrich,dhinrich7o@posterous.com,Ukraine,14:00,933
277,Jenilee Heeney,jheeney7p@ca.gov,Russia,5:59,847
278,Mari Warr,mwarr7q@google.fr,Canada,9:03,879
279,Sig Lewry,slewry7r@nsw.gov.au,Montenegro,20:19,1401
280,Rhona Dales,rdales7s@forbes.com,China,9:47,1112
281,Katharina Durtnal,kdurtnal7t@slashdot.org,Portugal,3:11,1321
282,Marie-ann Heyburn,mheyburn7u@github.com,France,11:45,1030
283,Clevie De Vile,cde7v@typepad.com,France,16:36,502
284,Rollo Tremberth,rtremberth7w@clickbank.net,Poland,2:43,1188
285,Rolland Sunman,rsunman7x@comcast.net,Philippines,18:48,976
286,Margaret Lisciardelli,mlisciardelli7y@wix.com,Indonesia,8:27,845
287,Diannne Olford,dolford7z@diigo.com,Uganda,20:26,1145
288,Natalie Matis,nmatis80@nhs.uk,China,20:40,830
289,Ansley Crollman,acrollman81@ocn.ne.jp,Palestinian Territory,22:34,670
290,Berna Fearnley,bfearnley82@canalblog.com,United States,17:48,1070
291,Joshua Merriman,jmerriman83@yandex.ru,Czech Republic,0:25,728
292,Johannes Guisby,jguisby84@disqus.com,Russia,10:15,1199
293,Elana Jermyn,ejermyn85@disqus.com,China,20:25,882
294,Minnaminnie Tull,mtull86@dropbox.com,Poland,23:52,1413
295,Robinson Naul,rnaul87@skyrock.com,Indonesia,4:39,514
296,Biddy Gillford,bgillford88@dion.ne.jp,Indonesia,9:42,1231
297,Henryetta Isacsson,hisacsson89@dyndns.org,Palau,21:32,1093
298,Cristin Evitt,cevitt8a@fema.gov,Netherlands,9:28,1114
299,Marve Levi,mlevi8b@eepurl.com,Cameroon,17:04,584
300,Alwin Hinrichs,ahinrichs8c@dyndns.org,China,1:30,1282
301,Minna Bourhill,mbourhill8d@tamu.edu,Indonesia,11:23,641
302,Patricia Fullilove,pfullilove8e@plala.or.jp,China,7:09,1148
303,Geri Kenwell,gkenwell8f@ucoz.com,Uzbekistan,4:12,1331
304,Ingram Billson,ibillson8g@icio.us,Sweden,5:32,509
305,Jacky Caswall,jcaswall8h@bigcartel.com,Nicaragua,19:32,652
306,Hetti Berkery,hberkery8i@ovh.net,China,18:40,653
307,Elnora Autie,eautie8j@histats.com,Macedonia,10:05,1339
308,Laural Segge,lsegge8k@phoca.cz,China,22:26,1039
309,Sven Brislawn,sbrislawn8l@comcast.net,Thailand,17:47,1479
310,Astra Cuel,acuel8m@reverbnation.com,Syria,7:18,1124
311,Keeley Finessy,kfinessy8n@dion.ne.jp,Lesotho,17:14,550
312,Morgan Lloyd,mlloyd8o@wsj.com,Panama,9:17,1415
313,Winne Seemmonds,wseemmonds8p@wunderground.com,Peru,9:14,966
314,Elizabeth Matley,ematley8q@51.la,France,5:24,653
315,Jordana Duplan,jduplan8r@arstechnica.com,France,17:19,590
316,Beatriz McTrustam,bmctrustam8s@opera.com,China,14:51,1460
317,Margeaux Barme,mbarme8t@desdev.cn,Philippines,17:44,1107
318,Barbara Gemelli,bgemelli8u@w3.org,China,5:24,897
319,Tito Adelberg,tadelberg8v@jiathis.com,Peru,11:39,556
320,Land Scamp,lscamp8w@opensource.org,Portugal,5:23,515
321,Gordan Kuschek,gkuschek8x@reverbnation.com,China,22:49,1119
322,Jacinda Legon,jlegon8y@mashable.com,Palestinian Territory,15:10,617
323,Hans Rice,hrice8z@yolasite.com,Uganda,13:26,555
324,Derry Eccleshare,deccleshare90@spotify.com,Brazil,16:52,1458
325,Jonathan Garza,jgarza91@spotify.com,China,22:34,1032
326,Teddie Josefsson,tjosefsson92@soup.io,Indonesia,14:20,1477
327,Lola Geraudy,lgeraudy93@homestead.com,Bolivia,14:24,606
328,Alfons Fear,afear94@t-online.de,Indonesia,9:52,1061
329,Sharona Fandrich,sfandrich95@fda.gov,Japan,19:43,1476
330,Dionisio Crother,dcrother96@ox.ac.uk,Brazil,4:10,797
331,Ferdinanda Uvedale,fuvedale97@aboutads.info,Indonesia,10:46,833
332,Steffi Abrahams,sabrahams98@hubpages.com,Portugal,1:23,785
333,Cy Slegg,cslegg99@issuu.com,Canada,1:15,577
334,Tersina MacParlan,tmacparlan9a@usatoday.com,Portugal,8:00,922
335,Leroy Witherdon,lwitherdon9b@umn.edu,Guatemala,5:43,528
336,Carolee Brind,cbrind9c@comsenz.com,Tanzania,23:13,1278
337,Rozalie Milborn,rmilborn9d@jigsy.com,Ukraine,14:38,510
338,Dom MacPaden,dmacpaden9e@answers.com,Brazil,10:45,1422
339,Alick Coghill,acoghill9f@ucoz.ru,Norway,5:42,1416
340,Lenora Carnelley,lcarnelley9g@marketwatch.com,Armenia,6:48,1046
341,Brittan Castelluzzi,bcastelluzzi9h@i2i.jp,Estonia,10:32,1478
342,Fernanda McKeating,fmckeating9i@ocn.ne.jp,Peru,5:02,855
343,Andy Thynn,athynn9j@huffingtonpost.com,China,17:03,531
344,Hube Sumsion,hsumsion9k@timesonline.co.uk,Poland,4:15,577
345,Gerianne Livsey,glivsey9l@blogtalkradio.com,Pakistan,7:42,881
346,Hillyer Veart,hveart9m@sciencedaily.com,France,2:55,721
347,Patti Jojic,pjojic9n@symantec.com,Uzbekistan,8:49,1121
348,Say Itchingham,sitchingham9o@g.co,Nigeria,16:04,633
349,Fred Jados,fjados9p@yahoo.co.jp,Sweden,2:47,1173
350,Wynnie Limer,wlimer9q@delicious.com,China,2:55,1277
351,Murdock Ullett,mullett9r@ftc.gov,Poland,8:23,899
352,Langsdon MacRory,lmacrory9s@answers.com,Mexico,12:00,902
353,Garwin Sliney,gsliney9t@vk.com,Tanzania,20:53,762
354,Babette Ketcher,bketcher9u@deliciousdays.com,Madagascar,1:12,1015
355,Jobina Alty,jalty9v@dion.ne.jp,Japan,21:08,837
356,Kean Hayfield,khayfield9w@mayoclinic.com,Indonesia,13:07,826
357,Ally Chaloner,achaloner9x@zimbio.com,Ukraine,18:09,853
358,Peggy Gallanders,pgallanders9y@ca.gov,Sweden,1:04,850
359,Kipp Brittian,kbrittian9z@ed.gov,Paraguay,16:54,1261
360,Natal Dominetti,ndominettia0@nsw.gov.au,China,15:52,1472
361,Krissie Hubbuck,khubbucka1@go.com,Yemen,4:44,1155
362,Paquito Fattori,pfattoria2@ucoz.com,Pakistan,8:29,1102
363,Justus Olek,joleka3@opensource.org,Indonesia,18:00,1392
364,Dante Patsall,dpatsalla4@yahoo.co.jp,United States,17:39,1492
365,Torrie MacArd,tmacarda5@mit.edu,China,11:25,1445
366,Nickolas Micallef,nmicallefa6@sphinn.com,Greece,8:38,912
367,Robin Farren,rfarrena7@bloglovin.com,Ukraine,1:02,763
368,Jemmy Doerling,jdoerlinga8@taobao.com,United States,23:24,1081
369,Elset Snarr,esnarra9@themeforest.net,Belarus,2:46,1264
370,Bran Raecroft,braecroftaa@auda.org.au,Cuba,2:13,1108
371,Cyb Andreou,candreouab@washingtonpost.com,South Africa,7:05,1423
372,Monte Marder,mmarderac@cnn.com,Sweden,5:03,1480
373,Coralie Beer,cbeerad@netscape.com,Finland,20:38,657
374,Angela Mardoll,amardollae@washington.edu,Indonesia,9:06,1055
375,Griffie Hadny,ghadnyaf@cdbaby.com,Sweden,10:58,808
376,Hattie McLeary,hmclearyag@wp.com,Czech Republic,2:16,1330
377,Brett Heyns,bheynsah@aol.com,Dominican Republic,20:10,798
378,Miriam Alasdair,malasdairai@weibo.com,Czech Republic,10:33,1317
379,Rachele O'Looney,rolooneyaj@360.cn,Indonesia,9:45,1252
380,Madelene Lyfield,mlyfieldak@sakura.ne.jp,Bolivia,14:19,530
381,Kayley McSorley,kmcsorleyal@senate.gov,Colombia,1:53,1348
382,Lorianna Greenman,lgreenmanam@wikimedia.org,Bolivia,6:01,1012
383,Viki Jorn,vjornan@edublogs.org,Paraguay,19:36,1133
384,Lois Faveryear,lfaveryearao@bloglovin.com,Poland,8:43,1450
385,Susana Hudson,shudsonap@furl.net,Chile,14:35,527
386,Horatius Neate,hneateaq@twitter.com,China,22:57,645
387,Fairlie Caltera,fcalteraar@google.ru,France,12:33,1072
388,Lion Brann,lbrannas@bing.com,China,7:56,1457
389,Justin Kloisner,jkloisnerat@weebly.com,United States,6:06,920
390,Eustacia Kennaway,ekennawayau@java.com,China,6:13,1265
391,Arel Levecque,alevecqueav@netlog.com,Germany,12:16,1243
392,Vivianne Edgcumbe,vedgcumbeaw@cdc.gov,Poland,5:01,699
393,Franklyn Pettiford,fpettifordax@123-reg.co.uk,Philippines,13:42,1096
394,Thurston Dearnley,tdearnleyay@mediafire.com,Indonesia,11:07,1214
395,Raymund Horribine,rhorribineaz@biblegateway.com,Albania,1:50,1335
396,Devan Forrester,dforresterb0@admin.ch,Philippines,2:46,631
397,Sayers Attle,sattleb1@digg.com,Indonesia,19:58,1386
398,Danette Tran,dtranb2@deviantart.com,Brazil,2:38,1062
399,Verney Georg,vgeorgb3@unicef.org,South Africa,14:21,1219
400,Dode Raylton,drayltonb4@go.com,China,2:55,1122
401,Dallon Milbourn,dmilbournb5@house.gov,Greece,2:21,704
402,Ebeneser Gianuzzi,egianuzzib6@myspace.com,Pakistan,16:01,725
403,Dannye Laugier,dlaugierb7@stanford.edu,France,3:49,953
404,Pauline Vedikhov,pvedikhovb8@free.fr,Estonia,20:25,871
405,Laural Glassford,lglassfordb9@businesswire.com,Japan,15:11,1295
406,Lea Rivlin,lrivlinba@netscape.com,Russia,11:08,1371
407,Keane Brosenius,kbroseniusbb@furl.net,Maldives,6:05,1214
408,Bev Scully,bscullybc@t-online.de,China,23:35,1286
409,Merilyn Warratt,mwarrattbd@technorati.com,Philippines,14:42,797
410,Ferdinand Scholling,fschollingbe@icq.com,Russia,17:56,640
411,Lorilee Fury,lfurybf@ocn.ne.jp,Malaysia,17:08,976
412,Walliw McMillan,wmcmillanbg@nydailynews.com,Switzerland,7:03,638
413,Christine Warmisham,cwarmishambh@flavors.me,China,17:48,868
414,Bartel Puvia,bpuviabi@blogger.com,Indonesia,7:29,1009
415,Heddi Wyke,hwykebj@forbes.com,China,11:30,834
416,Elton Millett,emillettbk@google.com.br,Indonesia,12:34,505
417,Noland Jerwood,njerwoodbl@gmpg.org,Ecuador,3:58,500
418,Neala Wey,nweybm@usatoday.com,Philippines,1:46,977
419,Nikolas Langford,nlangfordbn@plala.or.jp,Vietnam,1:22,847
420,Melany Jasiak,mjasiakbo@slate.com,Brazil,1:12,1051
421,Richardo Clegg,rcleggbp@buzzfeed.com,Malaysia,14:18,1491
422,Ellen Seamons,eseamonsbq@sina.com.cn,Nigeria,0:29,1034
423,Hillel Samworth,hsamworthbr@businessinsider.com,Philippines,21:45,794
424,Mycah Rumin,mruminbs@mapy.cz,Philippines,3:10,1148
425,Nicholas Dugdale,ndugdalebt@deviantart.com,China,20:46,600
426,Brennan Linford,blinfordbu@si.edu,China,6:06,1078
427,Sanson Antonioni,santonionibv@devhub.com,Mexico,5:34,1116
428,Tiffy Truitt,ttruittbw@fotki.com,Canada,7:22,590
429,Erie Gennerich,egennerichbx@imageshack.us,China,12:22,749
430,Tripp Stefanovic,tstefanovicby@wunderground.com,China,8:51,564
431,Dania Kumaar,dkumaarbz@vinaora.com,Greece,20:47,1028
432,Wilhelmine Ranking,wrankingc0@harvard.edu,Poland,19:02,1475
433,Ray Crossgrove,rcrossgrovec1@icio.us,Indonesia,2:59,1219
434,Ryan Wearing,rwearingc2@virginia.edu,Portugal,17:41,621
435,Ambrosius Pilch,apilchc3@zdnet.com,Russia,7:46,590
436,Wat Ducker,wduckerc4@thetimes.co.uk,Pakistan,1:16,1238
437,Preston Mulleary,pmullearyc5@blinklist.com,Morocco,0:51,533
438,Briggs Newart,bnewartc6@ihg.com,China,23:06,624
439,Arch Andreasson,aandreassonc7@github.com,Philippines,4:28,754
440,Arther Banton,abantonc8@illinois.edu,France,2:12,773
441,Ian Heppenspall,iheppenspallc9@cmu.edu,Poland,11:45,1268
442,Becka Drache,bdracheca@wsj.com,China,20:22,595
443,Aleta Roelofs,aroelofscb@usgs.gov,Thailand,7:15,823
444,Bartram Stallibrass,bstallibrasscc@biglobe.ne.jp,Canada,6:35,1495
445,Janetta Shewry,jshewrycd@google.com.au,China,17:28,1336
446,Ancell Haulkham,ahaulkhamce@epa.gov,Uganda,5:59,876
447,Horton Leggan,hleggancf@aboutads.info,Zimbabwe,13:04,1250
448,Lauraine Broggelli,lbroggellicg@uol.com.br,Slovenia,5:02,710
449,Aggi Pennycord,apennycordch@shutterfly.com,Poland,7:38,711
450,Tommie Tanswell,ttanswellci@virginia.edu,Philippines,15:01,653
451,Vanny O'Crowley,vocrowleycj@tamu.edu,Georgia,4:25,939
452,Sibley Gander,sganderck@ihg.com,Indonesia,11:42,926
453,Neille Quittonden,nquittondencl@yale.edu,Philippines,13:32,741
454,Kaine Redford,kredfordcm@ox.ac.uk,Yemen,3:31,1491
455,Mitchael Gonzalvo,mgonzalvocn@addtoany.com,Indonesia,9:41,1361
456,Johan Vase,jvaseco@hibu.com,China,10:28,556
457,Virginie Chritchley,vchritchleycp@webmd.com,Poland,10:52,608
458,Merna Stables,mstablescq@jigsy.com,Sweden,7:24,1166
459,Domini Lanchbery,dlanchberycr@google.it,Philippines,15:04,1125
460,Ethelind Etches,eetchescs@github.io,Burundi,10:14,745
461,Paxon Gledhill,pgledhillct@arstechnica.com,China,6:39,863
462,Tanhya Merioth,tmeriothcu@wired.com,Colombia,7:03,504
463,Carri Jzhakov,cjzhakovcv@mapy.cz,Indonesia,18:18,823
464,Craggy Lapree,clapreecw@msu.edu,Finland,18:20,1081
465,Blake Darcey,bdarceycx@engadget.com,United States,2:57,1214
466,Sawyere Philler,sphillercy@behance.net,China,18:00,935
467,Natividad Glanert,nglanertcz@artisteer.com,Colombia,10:51,1312
468,Frazer Lauritzen,flauritzend0@dmoz.org,Brazil,4:12,904
469,Lorin Stent,lstentd1@lulu.com,Botswana,8:06,999
470,Norry MacLese,nmaclesed2@ucsd.edu,Slovenia,1:38,748
471,Herb Harg,hhargd3@sciencedirect.com,Bosnia and Herzegovina,12:33,1330
472,Laraine Kenson,lkensond4@free.fr,Malta,16:06,1093
473,Doy Rossbrook,drossbrookd5@etsy.com,Portugal,18:07,1385
474,Drew Willgrass,dwillgrassd6@alexa.com,Thailand,15:28,570
475,Karney Spurdon,kspurdond7@cnet.com,China,21:30,501
476,Rozele Durtnel,rdurtneld8@unicef.org,China,20:07,556
477,Kienan Gammons,kgammonsd9@archive.org,Philippines,5:15,931
478,Felita Hacking,fhackingda@vistaprint.com,Portugal,12:23,1313
479,Freemon Pastor,fpastordb@biglobe.ne.jp,Guatemala,22:53,1206
480,Marcelle Paffley,mpaffleydc@hostgator.com,Croatia,5:11,1491
481,Isabelita Traut,itrautdd@sohu.com,Iran,23:02,553
482,Asher Loiterton,aloitertonde@geocities.com,Russia,2:18,1414
483,Paten Milbank,pmilbankdf@hatena.ne.jp,China,16:00,1435
484,Cissy Sendall,csendalldg@upenn.edu,China,1:13,1237
485,Bibbye Warlawe,bwarlawedh@berkeley.edu,Brazil,20:23,894
486,Wain Abad,wabaddi@intel.com,Philippines,9:03,1320
487,Euphemia Form,eformdj@umich.edu,China,16:34,1248
488,Ailsun Cosford,acosforddk@microsoft.com,Philippines,0:20,1069
489,Donnajean McGee,dmcgeedl@gov.uk,Poland,20:12,933
490,Allissa Gavrielly,agavriellydm@buzzfeed.com,Germany,23:45,1355
491,Brod MacTague,bmactaguedn@elegantthemes.com,Czech Republic,12:08,512
492,Minda Ledley,mledleydo@i2i.jp,Indonesia,3:15,1013
493,Haley Feldstern,hfeldsterndp@nbcnews.com,Germany,16:34,917
494,Zandra Gegay,zgegaydq@ed.gov,China,17:42,539
495,Olav Fidock,ofidockdr@auda.org.au,Serbia,18:08,1259
496,Ximenes Whife,xwhifeds@elpais.com,Portugal,7:21,1057
497,Rowe Koppeck,rkoppeckdt@army.mil,Thailand,8:15,963
498,Henrieta Brennan,hbrennandu@netscape.com,Australia,20:29,576
499,Silvana Buffery,sbufferydv@webs.com,Argentina,14:16,1165
500,Kathye Synder,ksynderdw@mozilla.com,China,22:59,1419
501,Nevil Airey,naireydx@cyberchimps.com,United States,10:13,758
502,Esma Britner,ebritnerdy@chronoengine.com,China,17:35,1275
503,Lory Petett,lpetettdz@gravatar.com,Kenya,8:48,1409
504,Brennan Vedekhov,bvedekhove0@macromedia.com,Indonesia,10:53,929
505,Tomkin Kleint,tkleinte1@aol.com,Brazil,16:54,1212
506,Xerxes Bewsey,xbewseye2@buzzfeed.com,Democratic Republic of the Congo,15:57,1356
507,Jocelin Jessard,jjessarde3@newyorker.com,Indonesia,12:16,1080
508,Guy Leiden,gleidene4@flickr.com,Ukraine,15:42,835
509,Lorrin Yokel,lyokele5@eventbrite.com,China,23:03,1171
510,Timofei Picker,tpickere6@ucoz.com,Iran,16:46,844
511,Casar Saffer,csaffere7@csmonitor.com,Greece,3:02,1028
512,Arther Kinnerk,akinnerke8@hud.gov,Japan,18:35,957
513,Durand Pinnijar,dpinnijare9@sbwire.com,China,1:52,1081
514,Artemis Minister,aministerea@unblog.fr,France,9:18,716
515,Sari Abele,sabeleeb@oaic.gov.au,Peru,19:42,1296
516,Wynnie Gardener,wgardenerec@youtube.com,Malta,1:30,1397
517,Randie Urrey,rurreyed@hostgator.com,Indonesia,20:51,1062
518,Smith Crinion,scrinionee@admin.ch,Sweden,13:20,1046
519,Dulcea Froud,dfroudef@miitbeian.gov.cn,Indonesia,13:37,562
520,Kalle Bilbrey,kbilbreyeg@indiegogo.com,Pakistan,16:56,805
521,Abdul Boyen,aboyeneh@taobao.com,Colombia,16:14,1011
522,Lida Stellman,lstellmanei@berkeley.edu,Poland,22:27,1494
523,Gerladina Mostyn,gmostynej@zdnet.com,United States,20:43,877
524,Jamil Tyer,jtyerek@histats.com,Russia,11:33,815
525,Becki Margett,bmargettel@example.com,Russia,19:24,750
526,Sargent Tomek,stomekem@themeforest.net,France,11:29,1445
527,Chiquia Kille,ckilleen@csmonitor.com,China,10:48,1376
528,Halette Mugleston,hmuglestoneo@bluehost.com,Israel,3:23,1090
529,Kristen Roggers,kroggersep@gizmodo.com,Poland,9:58,1412
530,Stan Prevost,sprevosteq@gnu.org,Philippines,16:03,1341
531,Loise Semper,lsemperer@studiopress.com,Uganda,11:37,604
532,Riannon Bearham,rbearhames@163.com,Mongolia,22:17,965
533,Ronda Boughen,rboughenet@trellian.com,China,2:01,682
534,Alix Brearty,abreartyeu@digg.com,China,5:05,964
535,Mic Sail,msailev@nytimes.com,Poland,22:16,837
536,Ariella Bramont,abramontew@spotify.com,Brazil,4:51,714
537,Yancey Enochsson,yenochssonex@xrea.com,Mozambique,12:23,1277
538,Gary Drinkhall,gdrinkhalley@china.com.cn,Poland,11:15,636
539,Hamil St. Pierre,hstez@surveymonkey.com,Norway,11:12,1116
540,Perrine Thorburn,pthorburnf0@npr.org,United States,11:06,1334
541,Hilly Ludlam,hludlamf1@flickr.com,Philippines,14:35,1137
542,Jeana Haskins,jhaskinsf2@multiply.com,Portugal,3:19,1124
543,Nicholas Farherty,nfarhertyf3@state.gov,France,0:44,739
544,Helsa Tures,hturesf4@buzzfeed.com,Indonesia,19:07,671
545,Julissa Bette,jbettef5@marriott.com,South Africa,8:37,658
546,Randa Ludwell,rludwellf6@google.com.br,United States,3:32,862
547,Hodge Birchall,hbirchallf7@gnu.org,Russia,21:57,542
548,Aimil Sottell,asottellf8@shareasale.com,Peru,8:36,1200
549,Mercy Plumbe,mplumbef9@smugmug.com,Poland,17:55,896
550,Viviyan Wapples,vwapplesfa@1688.com,Finland,21:35,1147
551,Nanine Mallinder,nmallinderfb@mit.edu,Nicaragua,15:40,1196
552,Pinchas Menelaws,pmenelawsfc@merriam-webster.com,China,15:07,1354
553,Jasmine Antcliffe,jantcliffefd@mac.com,Poland,8:02,890
554,Agneta Salvatore,asalvatorefe@tripadvisor.com,China,12:56,1180
555,Catherine Wollrauch,cwollrauchff@uol.com.br,Japan,5:21,1476
556,Maryrose Booty,mbootyfg@tiny.cc,Czech Republic,8:44,942
557,Sharon Travers,straversfh@lycos.com,South Korea,15:19,745
558,Philis Rubenfeld,prubenfeldfi@nymag.com,United States,21:37,1395
559,Danita Bartolini,dbartolinifj@nyu.edu,China,22:11,908
560,Bunnie Yewdale,byewdalefk@spotify.com,Brazil,22:55,1309
561,Eloisa Hendron,ehendronfl@deliciousdays.com,China,16:44,1400
562,Debor Mees,dmeesfm@ovh.net,Peru,2:04,1079
563,Devina Shory,dshoryfn@blogger.com,France,4:37,501
564,Isabel Stoll,istollfo@virginia.edu,Argentina,17:54,590
565,Ario Wales,awalesfp@elegantthemes.com,Vietnam,23:36,548
566,Morlee Roxburch,mroxburchfq@auda.org.au,Indonesia,21:30,1087
567,Derron Semonin,dsemoninfr@boston.com,Indonesia,6:43,1150
568,Kissie Clunie,kcluniefs@printfriendly.com,Peru,5:08,1293
569,Terencio Edmons,tedmonsft@google.com.hk,China,15:04,624
570,Josey Else,jelsefu@fotki.com,Ukraine,17:32,780
571,Whitney Blagbrough,wblagbroughfv@free.fr,France,18:15,1473
572,Abby Gammie,agammiefw@imdb.com,Ireland,23:49,1136
573,Andre Bliven,ablivenfx@virginia.edu,France,5:04,1079
574,Matilde D'Ruel,mdruelfy@redcross.org,Philippines,16:10,1146
575,Jonell Benbrick,jbenbrickfz@linkedin.com,China,14:02,716
576,Wilmer Diperaus,wdiperausg0@wikipedia.org,Peru,20:10,1135
577,Sharona Fullard,sfullardg1@marketwatch.com,Indonesia,5:11,664
578,Gloriana Locks,glocksg2@unesco.org,Czech Republic,17:12,963
579,Valaria Brisseau,vbrisseaug3@xing.com,Iran,9:16,1288
580,Curran McCluney,cmccluneyg4@t-online.de,Kazakhstan,16:55,1371
581,Ralph Fleisch,rfleischg5@sciencedaily.com,United States,5:28,1418
582,Brooks Soeiro,bsoeirog6@msu.edu,China,5:25,1059
583,Aggy Sivorn,asivorng7@creativecommons.org,Indonesia,16:31,895
584,Bogey Wicklin,bwickling8@barnesandnoble.com,Venezuela,0:29,1011
585,Allyce Kryzhov,akryzhovg9@storify.com,Belarus,10:50,761
586,Dylan Jacson,djacsonga@elegantthemes.com,Ireland,0:31,1208
587,Marlon Cholonin,mcholoningb@timesonline.co.uk,Ireland,19:06,1189
588,Kayle Insworth,kinsworthgc@squidoo.com,Sweden,4:30,626
589,Nedi Autin,nautingd@phoca.cz,Canada,23:25,1453
590,Florencia Jowers,fjowersge@ebay.com,Philippines,18:27,546
591,Benyamin Guerry,bguerrygf@imdb.com,Poland,5:18,1174
592,Cyrus McIlwrath,cmcilwrathgg@businesswire.com,Ukraine,2:09,1257
593,Alon Kinton,akintongh@istockphoto.com,Colombia,20:53,777
594,Bendicty Swaile,bswailegi@bbb.org,Colombia,5:47,721
595,Chrisse Grigorini,cgrigorinigj@sina.com.cn,China,7:34,956
596,Nanine Cridlin,ncridlingk@virginia.edu,Argentina,0:54,1226
597,Thayne Darkin,tdarkingl@wp.com,China,3:54,1200
598,Ninette Orvis,norvisgm@ebay.com,Indonesia,4:44,517
599,Giacinta Baldocci,gbaldoccign@eepurl.com,Czech Republic,18:57,550
600,Nelson Ferrieroi,nferrieroigo@hp.com,Cuba,3:11,1112
601,Robinet Tweedell,rtweedellgp@feedburner.com,Portugal,3:53,1140
602,Arly Nowaczyk,anowaczykgq@joomla.org,Chile,16:14,961
603,Reinhard McGriffin,rmcgriffingr@theglobeandmail.com,Philippines,14:15,706
604,Rozina Conyard,rconyardgs@blogs.com,Mexico,20:20,1376
605,Kym Chree,kchreegt@aol.com,Germany,7:43,540
606,Heriberto Thain,hthaingu@amazon.com,Czech Republic,14:36,1039
607,Shandee Pratley,spratleygv@skyrock.com,Poland,11:26,1189
608,Calypso Easter,ceastergw@twitter.com,China,17:04,767
609,Barbie Lisle,blislegx@netlog.com,Albania,0:57,622
610,Welbie Brennans,wbrennansgy@prweb.com,Ukraine,8:15,958
611,Blinni Dovydenas,bdovydenasgz@theguardian.com,Mozambique,6:15,552
612,Rorie Mayell,rmayellh0@odnoklassniki.ru,Finland,8:44,1044
613,Staffard Coverly,scoverlyh1@google.es,Brazil,10:39,516
614,Adria Radley,aradleyh2@sun.com,Syria,8:59,1211
615,Arvie Gounod,agounodh3@angelfire.com,China,3:17,1351
616,Addy Lifton,aliftonh4@taobao.com,Russia,16:07,946
617,Gilles MacGinley,gmacginleyh5@typepad.com,China,2:22,782
618,Chelsea Swalwell,cswalwellh6@cafepress.com,China,1:59,617
619,Olimpia Makey,omakeyh7@phoca.cz,Uruguay,16:16,990
620,Sampson Grishinov,sgrishinovh8@sina.com.cn,China,12:22,951
621,Neila Filipiak,nfilipiakh9@netvibes.com,Greece,3:58,1126
622,Osbourne Wield,owieldha@google.co.jp,United States,18:58,860
623,Vevay Marshal,vmarshalhb@va.gov,Djibouti,22:28,1461
624,Seymour Peaple,speaplehc@wunderground.com,Indonesia,12:38,1223
625,Emmi Elmar,eelmarhd@geocities.com,Thailand,3:51,985
626,Dareen Ruppert,drupperthe@dot.gov,Ghana,9:19,1377
627,Forrest Barehead,fbareheadhf@state.tx.us,United States,12:04,542
628,Andrei Pettipher,apettipherhg@businesswire.com,United Arab Emirates,5:59,1335
629,Willis Eliesco,weliescohh@independent.co.uk,China,3:15,864
630,Rubin Lante,rlantehi@hubpages.com,Indonesia,19:58,1102
631,Hattie Harbach,hharbachhj@noaa.gov,Sweden,1:03,936
632,Hillier Aitkin,haitkinhk@reverbnation.com,Honduras,11:09,1372
633,Drusi Fessier,dfessierhl@bloomberg.com,Japan,12:18,658
634,Sandra Jados,sjadoshm@mapy.cz,Brazil,13:14,552
635,Edin Bernardo,ebernardohn@furl.net,China,9:47,1480
636,Jessamyn Kinsey,jkinseyho@quantcast.com,China,12:16,1360
637,Emmet Goodricke,egoodrickehp@seattletimes.com,Peru,14:57,602
638,Otes Gregore,ogregorehq@marriott.com,China,20:02,1042
639,Elmo Molden,emoldenhr@photobucket.com,Brazil,5:45,1249
640,Row Alabastar,ralabastarhs@goo.ne.jp,Vanuatu,0:18,633
641,Dennison Tregea,dtregeaht@vinaora.com,Indonesia,6:07,529
642,Leandra Terzo,lterzohu@bloglovin.com,Guinea,18:07,944
643,Mavis Castangia,mcastangiahv@ucoz.com,Indonesia,10:18,567
644,Emery Varndall,evarndallhw@goo.gl,Myanmar,15:42,693
645,Zorine Crockett,zcrocketthx@drupal.org,Ethiopia,3:18,1017
646,Shandie Webster,swebsterhy@bloomberg.com,Russia,21:48,1217
647,Gabriell Tillett,gtilletthz@ucoz.com,China,15:41,772
648,Marcile Janecki,mjaneckii0@pinterest.com,Indonesia,19:37,1444
649,Wini Woodison,wwoodisoni1@ow.ly,Poland,9:38,906
650,Dionne Rappoport,drappoporti2@jimdo.com,Croatia,15:11,1480
651,Aluino Crimp,acrimpi3@walmart.com,Israel,1:22,686
652,Selma Pendrick,spendricki4@uiuc.edu,Philippines,15:37,1040
653,Lilyan Nimmo,lnimmoi5@macromedia.com,Macedonia,0:37,937
654,Grissel Malter,gmalteri6@marriott.com,China,8:22,1286
655,Perceval Gunthorpe,pgunthorpei7@google.com.hk,Brazil,9:10,1432
656,Ruthe Farra,rfarrai8@constantcontact.com,Indonesia,23:08,1237
657,Norbie MacGuigan,nmacguigani9@webs.com,China,15:12,510
658,Timmy McGonagle,tmcgonagleia@yellowbook.com,Thailand,0:38,1113
659,Witty Grundle,wgrundleib@weather.com,Poland,4:54,1105
660,Carry Rawnsley,crawnsleyic@microsoft.com,Cuba,6:15,540
661,Korrie Stearn,kstearnid@123-reg.co.uk,Thailand,10:10,1418
662,Devon Ferneyhough,dferneyhoughie@t.co,Poland,5:34,500
663,Taddeo Sivess,tsivessif@scribd.com,Poland,3:44,1039
664,Fraser Stelljes,fstelljesig@cdbaby.com,Sri Lanka,15:24,992
665,Roth Croughan,rcroughanih@census.gov,Afghanistan,13:48,896
666,Emmanuel Segrott,esegrottii@1688.com,Indonesia,5:44,509
667,Hildy Kendred,hkendredij@51.la,Thailand,20:22,1156
668,Suzanne Freebury,sfreeburyik@hp.com,Vietnam,19:17,1352
669,Trip Bunney,tbunneyil@prnewswire.com,United States,5:11,1096
670,Rosemonde Espinheira,respinheiraim@miitbeian.gov.cn,Canada,5:53,1260
671,Micki Delap,mdelapin@ebay.com,Sweden,17:41,1464
672,Karel Robelow,krobelowio@163.com,China,13:17,799
673,Godfrey Momford,gmomfordip@cbc.ca,Philippines,14:02,530
674,Ammamaria Myton,amytoniq@pbs.org,Indonesia,15:29,1158
675,Rolland Bennetts,rbennettsir@mozilla.org,Brazil,20:25,1050
676,Serge Scathard,sscathardis@phpbb.com,Russia,4:27,941
677,Ruperta Fidal,rfidalit@mit.edu,China,18:00,928
678,Charles Bampfield,cbampfieldiu@dyndns.org,Russia,19:34,709
679,Alysia Driver,adriveriv@goo.gl,China,18:21,984
680,Lamond Proudley,lproudleyiw@yahoo.co.jp,China,10:32,813
681,Kelsy Stoter,kstoterix@vimeo.com,Indonesia,10:31,1410
682,Leah Bruineman,lbruinemaniy@so-net.ne.jp,China,20:34,1238
683,Gerrie Dionisetto,gdionisettoiz@mapy.cz,China,6:06,973
684,Emelen Bielby,ebielbyj0@yellowpages.com,Portugal,23:50,1319
685,Hurley Goodin,hgoodinj1@pbs.org,Brazil,9:15,946
686,Garreth Janoch,gjanochj2@webs.com,China,23:56,1266
687,Diahann Farraway,dfarrawayj3@webeden.co.uk,Afghanistan,17:10,1290
688,Mar Ferneley,mferneleyj4@cnet.com,China,14:03,1403
689,Selle Sture,ssturej5@wordpress.com,China,20:59,805
690,Nikolai Shipp,nshippj6@wiley.com,Syria,21:40,574
691,Ettore McCurtin,emccurtinj7@studiopress.com,Panama,16:16,1493
692,Shandy Isted,sistedj8@cbc.ca,France,0:41,1028
693,Nani Lapham,nlaphamj9@hp.com,China,20:17,1373
694,Ham Simony,hsimonyja@nhs.uk,Indonesia,2:21,1107
695,Fredericka Stille,fstillejb@cnn.com,Tanzania,11:24,1262
696,Donnamarie Skippen,dskippenjc@cnet.com,Armenia,4:24,1038
697,Brittany Ratley,bratleyjd@mit.edu,Philippines,22:04,814
698,Janet Brumbye,jbrumbyeje@rakuten.co.jp,Ukraine,9:50,1317
699,Tandie Jedrysik,tjedrysikjf@xing.com,China,3:44,1255
700,Shel Valintine,svalintinejg@ucla.edu,China,16:09,703
701,Ira Idiens,iidiensjh@bluehost.com,Pakistan,8:58,1324
702,Pia Elves,pelvesji@hubpages.com,Niger,19:29,911
703,Tomkin Doucette,tdoucettejj@lycos.com,Yemen,23:03,1281
704,Corbin Canniffe,ccanniffejk@google.com,China,10:59,670
705,Ranique Fabri,rfabrijl@dailymotion.com,Argentina,14:00,1111
706,Pattie Pauley,ppauleyjm@geocities.jp,China,21:35,1482
707,Caroline Jager,cjagerjn@washington.edu,Indonesia,11:31,1185
708,Tobie Shinefield,tshinefieldjo@xinhuanet.com,China,19:44,1453
709,Ricoriki Heaviside,rheavisidejp@jimdo.com,Indonesia,7:20,892
710,Toby Buckam,tbuckamjq@slashdot.org,Bangladesh,20:06,1489
711,Catherina Bonsey,cbonseyjr@google.cn,China,9:12,905
712,Dorise Ofield,dofieldjs@npr.org,Thailand,2:11,1468
713,Adler Sturmey,asturmeyjt@newsvine.com,Yemen,8:19,787
714,Kessiah Norwich,knorwichju@studiopress.com,Ireland,14:44,1368
715,Tom Bastock,tbastockjv@hhs.gov,Indonesia,10:40,1063
716,Miles Jouandet,mjouandetjw@tinypic.com,Brazil,2:10,870
717,Daveen Yerrell,dyerrelljx@marriott.com,Brazil,9:26,937
718,Christophe Duffan,cduffanjy@oaic.gov.au,Sweden,13:32,696
719,Emelyne Dearan,edearanjz@fda.gov,Russia,15:26,1472
720,Cathleen Dawkes,cdawkesk0@amazon.de,France,16:28,795
721,Beth Jagiela,bjagielak1@cyberchimps.com,Ukraine,18:59,639
722,Brig Kidner,bkidnerk2@ovh.net,Philippines,11:03,822
723,Walton Baxstare,wbaxstarek3@tripadvisor.com,Portugal,5:22,650
724,Georgena Finey,gfineyk4@who.int,Ukraine,17:03,1384
725,Ronnica Georgeson,rgeorgesonk5@amazon.de,China,11:25,979
726,Neila Cormack,ncormackk6@networksolutions.com,Croatia,9:21,1289
727,Merrile Glasson,mglassonk7@alexa.com,Brazil,14:16,1418
728,Peadar Porcher,pporcherk8@edublogs.org,China,20:58,941
729,Maitilde Neeves,mneevesk9@dailymotion.com,United States,22:48,1342
730,Crysta Morrison,cmorrisonka@ebay.com,Indonesia,9:45,640
731,Barth Roxbrough,broxbroughkb@com.com,Bolivia,9:38,565
732,Zorina Stephenson,zstephensonkc@sourceforge.net,Indonesia,17:34,1154
733,Carie Knottley,cknottleykd@php.net,Ukraine,5:41,1189
734,Brent Chalfant,bchalfantke@netvibes.com,Ireland,4:29,1405
735,Harvey Whetland,hwhetlandkf@eventbrite.com,Nigeria,18:26,870
736,Kit Bes,kbeskg@shareasale.com,China,5:50,1132
737,Carly Chaddock,cchaddockkh@bravesites.com,China,23:39,581
738,Rafi Vlasenko,rvlasenkoki@foxnews.com,China,2:48,524
739,Berenice Rosenbusch,brosenbuschkj@cmu.edu,China,22:13,556
740,Dag Silliman,dsillimankk@google.com.hk,Sweden,20:24,842
741,Phineas Cabrer,pcabrerkl@mit.edu,Peru,20:06,1115
742,Elaine Kiddye,ekiddyekm@dyndns.org,Russia,11:09,886
743,Alessandra Pointing,apointingkn@salon.com,China,12:47,585
744,Norby Pinyon,npinyonko@multiply.com,Jordan,8:40,855
745,Wilek Cattlemull,wcattlemullkp@ustream.tv,Czech Republic,17:55,756
746,Rossie Dixie,rdixiekq@umn.edu,Vietnam,14:05,982
747,Joscelin Goldthorpe,jgoldthorpekr@ted.com,Indonesia,21:36,1355
748,Amelina Plevey,apleveyks@europa.eu,Tanzania,5:43,754
749,Kerry Alldritt,kalldrittkt@free.fr,Egypt,1:23,1250
750,Urbanus Bauer,ubauerku@usda.gov,China,6:40,1419
751,Cale Verheyden,cverheydenkv@123-reg.co.uk,Indonesia,10:01,1166
752,Baron Boutflour,bboutflourkw@smh.com.au,Brazil,10:11,809
753,Friederike Pegden,fpegdenkx@slashdot.org,Finland,18:17,846
754,Lauritz Bricket,lbricketky@loc.gov,Russia,10:07,1451
755,Ailyn Durak,adurakkz@liveinternet.ru,Kazakhstan,17:12,1321
756,Vale McComiskie,vmccomiskiel0@naver.com,China,12:48,591
757,Pierre Sive,psivel1@google.com.hk,Brazil,23:07,971
758,Abigael Cardon,acardonl2@telegraph.co.uk,China,16:02,1348
759,Amy Rapsey,arapseyl3@census.gov,Peru,14:02,946
760,Flor Joslyn,fjoslynl4@merriam-webster.com,Tunisia,16:14,1447
761,Merrie Pickrell,mpickrelll5@mapy.cz,China,15:11,783
762,Pia Barnshaw,pbarnshawl6@naver.com,China,7:27,839
763,Paolo Cescoti,pcescotil7@gmpg.org,Russia,19:47,919
764,Demetris Cancutt,dcancuttl8@miitbeian.gov.cn,Argentina,17:59,513
765,Harper Tortoise,htortoisel9@blogs.com,Czech Republic,22:06,1132
766,Mile Bannell,mbannellla@arstechnica.com,Belarus,0:21,1476
767,Clary Speight,cspeightlb@zimbio.com,China,11:15,1223
768,Vivianne Kiln,vkilnlc@constantcontact.com,China,5:37,585
769,Barbee Earp,bearpld@technorati.com,Ukraine,8:13,811
770,Jermaine Colbourne,jcolbournele@theglobeandmail.com,Egypt,19:16,992
771,Ellette Sanzio,esanziolf@ow.ly,China,3:54,1498
772,Magdaia Dobel,mdobellg@sciencedaily.com,Indonesia,7:02,1310
773,Sharla Thacke,sthackelh@ebay.com,Brazil,6:15,1472
774,Seth Bramall,sbramallli@studiopress.com,Russia,6:15,578
775,Shamus Killock,skillocklj@google.com.au,Norway,6:03,928
776,Anette Rosenbarg,arosenbarglk@kickstarter.com,Portugal,19:46,911
777,Augy Fawlo,afawloll@sourceforge.net,Syria,1:36,1189
778,Nari Colston,ncolstonlm@deliciousdays.com,Azerbaijan,2:04,657
779,Pennie Lowndsborough,plowndsboroughln@google.es,Japan,12:55,769
780,Costanza Challener,cchallenerlo@ameblo.jp,China,13:25,694
781,Kinnie Pawel,kpawellp@google.com.au,Macedonia,7:04,1340
782,Yettie Pickworth,ypickworthlq@yahoo.com,Indonesia,15:59,664
783,Hermione Ibel,hibellr@tinypic.com,France,13:01,1409
784,Cad Pocknell,cpocknellls@t.co,China,15:59,683
785,Neala Aysh,nayshlt@opensource.org,China,16:10,1045
786,Lura Brickdale,lbrickdalelu@census.gov,Canada,16:58,1012
787,Tomaso Reichert,treichertlv@addtoany.com,Poland,11:36,1051
788,Willow Eames,weameslw@biglobe.ne.jp,China,7:41,1085
789,Blake Duckitt,bduckittlx@usatoday.com,Sweden,1:49,1384
790,Geordie Labb,glabbly@tamu.edu,Brazil,0:53,1302
791,Adi Ovendale,aovendalelz@theglobeandmail.com,Poland,14:13,1314
792,Jeni Laugharne,jlaugharnem0@xrea.com,Yemen,20:39,608
793,Zea Ponnsett,zponnsettm1@a8.net,Argentina,2:45,983
794,Breena Stephen,bstephenm2@techcrunch.com,Brazil,14:42,1484
795,Brad Baelde,bbaeldem3@huffingtonpost.com,Thailand,8:56,1463
796,Osgood Biskupiak,obiskupiakm4@baidu.com,Brazil,20:40,678
797,Harri Drinan,hdrinanm5@taobao.com,Thailand,23:37,1303
798,Enrica Khan,ekhanm6@ycombinator.com,Czech Republic,5:56,1421
799,Tyne Pavlov,tpavlovm7@ftc.gov,Mexico,22:37,702
800,Damaris Emson,demsonm8@go.com,Madagascar,23:00,507
801,Marleah Cristofaro,mcristofarom9@skyrock.com,China,22:59,552
802,Dallas Leacock,dleacockma@reddit.com,Indonesia,11:52,1410
803,Jeramey Beddis,jbeddismb@google.co.uk,Haiti,4:49,1023
804,Dot Gajownik,dgajownikmc@cpanel.net,China,19:15,781
805,Inna Hardi,ihardimd@nih.gov,Botswana,9:40,687
806,Daloris Burberye,dburberyeme@hugedomains.com,Japan,14:22,643
807,Rosemary Brunn,rbrunnmf@washingtonpost.com,Cyprus,16:40,1001
808,Isabelita Kingstne,ikingstnemg@liveinternet.ru,Russia,6:41,1481
809,Penny MacDunleavy,pmacdunleavymh@fc2.com,Suriname,8:15,1322
810,Margit Southcombe,msouthcombemi@oakley.com,South Africa,9:02,562
811,Jessie Bristow,jbristowmj@gnu.org,China,3:29,944
812,Rubia Brouncker,rbrounckermk@google.it,China,18:21,1204
813,Sunshine Goodlet,sgoodletml@blogspot.com,Indonesia,16:26,774
814,Gabbie Lebarree,glebarreemm@washingtonpost.com,New Zealand,6:35,1383
815,Ammamaria Brizland,abrizlandmn@amazon.co.jp,China,18:59,834
816,Darlene Cattle,dcattlemo@rambler.ru,Brazil,21:27,501
817,Berny Philipsson,bphilipssonmp@t-online.de,Thailand,23:50,1250
818,Lorianne McGillivray,lmcgillivraymq@google.com.au,China,23:46,717
819,Carin Wormell,cwormellmr@blogspot.com,Greece,11:18,1202
820,Lark Moylan,lmoylanms@myspace.com,Albania,8:39,1182
821,Udale De Carteret,udemt@usatoday.com,Philippines,17:49,926
822,Hewie Lethby,hlethbymu@yellowpages.com,Zambia,5:11,809
823,Merna Schleicher,mschleichermv@yelp.com,South Africa,1:25,1047
824,Celka Leinweber,cleinwebermw@g.co,Czech Republic,13:59,675
825,Welch Meaton,wmeatonmx@fda.gov,Indonesia,11:40,600
826,Wendye Sygrove,wsygrovemy@umich.edu,Greece,9:49,1433
827,Sheelagh Rider,sridermz@zimbio.com,China,3:20,1132
828,Solly Plowell,splowelln0@networksolutions.com,Portugal,16:21,747
829,Benyamin Lewens,blewensn1@list-manage.com,Greece,20:16,597
830,Hilary Pabel,hpabeln2@i2i.jp,Thailand,11:04,1291
831,Kasper Dahmke,kdahmken3@canalblog.com,Poland,20:41,1362
832,Ethelyn Hainge,ehaingen4@fda.gov,Mali,5:09,541
833,Katie Cotterell,kcotterelln5@homestead.com,Sweden,13:19,509
834,Griffin Braisby,gbraisbyn6@ucsd.edu,Russia,11:45,899
835,Phillis Phelp,pphelpn7@geocities.com,Greece,16:44,1001
836,Paten Lowless,plowlessn8@google.com,China,8:10,1206
837,Winnie Romain,wromainn9@utexas.edu,Kyrgyzstan,10:18,1330
838,Redd Ferrarin,rferrarinna@abc.net.au,China,16:35,1275
839,Whitney Menaul,wmenaulnb@soundcloud.com,China,0:48,1422
840,Courtney Feild,cfeildnc@imgur.com,Colombia,14:16,1270
841,Bobina Laise,blaisend@devhub.com,Romania,15:53,1221
842,Christi Ethridge,cethridgene@lycos.com,Ireland,14:29,974
843,Elsi Dumbelton,edumbeltonnf@house.gov,China,0:58,843
844,Ceciley Caukill,ccaukillng@sakura.ne.jp,Brazil,6:56,1345
845,Lexis Rangell,lrangellnh@printfriendly.com,Indonesia,19:27,1091
846,Edythe Atwater,eatwaterni@epa.gov,Ukraine,0:34,631
847,Veda Barthelme,vbarthelmenj@adobe.com,Kosovo,14:01,1459
848,Melamie Bouldstridge,mbouldstridgenk@mashable.com,Brazil,9:09,1087
849,Starla Addington,saddingtonnl@ow.ly,China,8:33,1120
850,Sigismund Bilsborrow,sbilsborrownm@nba.com,Thailand,2:38,1367
851,Kristy Trebilcock,ktrebilcocknn@gmpg.org,Germany,17:53,994
852,Mirabel Crummy,mcrummyno@techcrunch.com,Philippines,10:52,1161
853,Chariot Aspy,caspynp@drupal.org,China,17:41,1289
854,Jaymie Winteringham,jwinteringhamnq@multiply.com,France,15:11,967
855,Heidie Faber,hfabernr@xing.com,Republic of the Congo,2:52,1021
856,Homer Spiers,hspiersns@mozilla.org,Mexico,1:41,644
857,Niccolo Wigsell,nwigsellnt@dagondesign.com,China,6:06,966
858,Diane Tellenbach,dtellenbachnu@hugedomains.com,Finland,22:43,863
859,Jarrod Shaw,jshawnv@forbes.com,Philippines,1:28,902
860,Pail Pitcaithley,ppitcaithleynw@columbia.edu,Portugal,4:18,570
861,Clevey Rendbaek,crendbaeknx@ow.ly,Sweden,14:11,1260
862,Mart Eastham,measthamny@nasa.gov,China,7:19,530
863,Bernardina Emmot,bemmotnz@imageshack.us,Thailand,0:36,1123
864,Jenda Lambrook,jlambrooko0@bloglovin.com,Estonia,0:49,522
865,Ezmeralda Carey,ecareyo1@wunderground.com,Indonesia,21:35,585
866,Oralee Whenman,owhenmano2@google.es,Thailand,7:33,938
867,Delcina Vedyaev,dvedyaevo3@pen.io,Philippines,0:18,1422
868,Porter Taaffe,ptaaffeo4@barnesandnoble.com,Slovenia,16:52,627
869,Carmella Bealing,cbealingo5@jugem.jp,Brazil,17:11,1034
870,Eadmund Sambidge,esambidgeo6@wired.com,Brazil,23:48,1226
871,Phyllis Bulled,pbulledo7@myspace.com,Sweden,20:16,1116
872,Lola Checcuzzi,lcheccuzzio8@hc360.com,Colombia,21:18,1050
873,Janela Lumox,jlumoxo9@slate.com,Indonesia,17:21,1448
874,Jermayne Abramov,jabramovoa@shop-pro.jp,Peru,14:58,1475
875,Katalin Swires,kswiresob@edublogs.org,Argentina,3:06,1476
876,Sol Wanley,swanleyoc@imageshack.us,Philippines,19:41,849
877,Opalina Pinnegar,opinnegarod@feedburner.com,Germany,1:22,677
878,Fairfax Witherington,fwitheringtonoe@sohu.com,Thailand,10:53,1478
879,Mike Janota,mjanotaof@flickr.com,China,8:54,603
880,Charlean Armatys,carmatysog@army.mil,Republic of the Congo,11:12,1088
881,Morissa Gillard,mgillardoh@home.pl,Indonesia,16:11,1077
882,Celestina Easey,ceaseyoi@ow.ly,Russia,19:53,1315
883,Travis Teas,tteasoj@samsung.com,Poland,17:17,510
884,Ynez Verzey,yverzeyok@elpais.com,China,16:48,866
885,Paulette Borthwick,pborthwickol@ucoz.com,China,2:04,885
886,Lars Rickaby,lrickabyom@nymag.com,Russia,7:27,1072
887,Boyce Grombridge,bgrombridgeon@hexun.com,Azerbaijan,5:37,715
888,Nataniel Offa,noffaoo@furl.net,Colombia,9:28,1165
889,Guillemette McKinlay,gmckinlayop@wp.com,Philippines,11:30,843
890,Leigh Dukelow,ldukelowoq@ft.com,Italy,3:02,742
891,Rori Jaimez,rjaimezor@narod.ru,Russia,12:20,934
892,Terrence Sign,tsignos@artisteer.com,France,19:57,851
893,Cobby Uglow,cuglowot@netscape.com,Czech Republic,14:00,1216
894,Lucie Tellenbrok,ltellenbrokou@theglobeandmail.com,Madagascar,1:22,1176
895,Addi Grumley,agrumleyov@tamu.edu,China,18:09,1037
896,Eduardo Webber,ewebberow@wikia.com,China,13:47,1444
897,Shane Brunnstein,sbrunnsteinox@usatoday.com,Sweden,5:28,575
898,Miguel Klehyn,mklehynoy@phpbb.com,Indonesia,2:43,636
899,Merridie Deakin,mdeakinoz@google.pl,Thailand,18:15,504
900,Cordey Bartkowiak,cbartkowiakp0@unicef.org,China,6:38,1025
901,Felike Trippick,ftrippickp1@hubpages.com,Thailand,17:42,820
902,Sandy Peace,speacep2@nydailynews.com,Indonesia,10:56,1351
903,Frankie Treppas,ftreppasp3@netscape.com,Philippines,5:01,553
904,Latashia Lowers,llowersp4@bigcartel.com,United States,11:46,777
905,Dniren Ryam,dryamp5@sohu.com,Brazil,7:10,1466
906,Katie Jailler,kjaillerp6@wsj.com,Philippines,1:23,956
907,Andreas Sliney,aslineyp7@squidoo.com,Macedonia,10:41,1212
908,Janka Barbe,jbarbep8@pbs.org,Ukraine,8:05,1421
909,Emelia Russi,erussip9@domainmarket.com,Colombia,14:51,509
910,Laurence Mordaunt,lmordauntpa@columbia.edu,Colombia,6:31,1138
911,Damaris Pelfer,dpelferpb@qq.com,Brazil,6:38,1038
912,Kathe Gerant,kgerantpc@nationalgeographic.com,South Africa,15:22,1499
913,Tildie Geering,tgeeringpd@youku.com,Ukraine,7:08,535
914,Gregorius Selley,gselleype@creativecommons.org,Russia,19:39,1295
915,Lizzie Wickardt,lwickardtpf@europa.eu,Philippines,13:11,833
916,Jeralee Hepher,jhepherpg@e-recht24.de,Nigeria,20:06,1218
917,Ruthi Kohen,rkohenph@infoseek.co.jp,Brazil,6:03,664
918,Dione May,dmaypi@huffingtonpost.com,China,22:09,949
919,Caye Vannozzii,cvannozziipj@businesswire.com,Indonesia,15:54,599
920,Robyn Lum,rlumpk@home.pl,Argentina,9:34,818
921,Devora Wickardt,dwickardtpl@naver.com,Brazil,19:00,1077
922,Corilla Labuschagne,clabuschagnepm@indiegogo.com,China,5:54,1086
923,Olivie Dominicacci,odominicaccipn@mapy.cz,Portugal,23:14,884
924,Sabrina Espinoza,sespinozapo@forbes.com,Indonesia,13:23,1481
925,Silvanus Virgo,svirgopp@netvibes.com,Indonesia,8:47,608
926,Cate MacAlester,cmacalesterpq@friendfeed.com,China,19:36,742
927,Abraham Guess,aguesspr@phoca.cz,Indonesia,18:53,1326
928,Amalie Thorsen,athorsenps@tumblr.com,Indonesia,4:49,558
929,Stephie Luckings,sluckingspt@unc.edu,China,7:54,764
930,Demeter Rowes,drowespu@diigo.com,Philippines,4:39,569
931,Ollie Bisgrove,obisgrovepv@webnode.com,China,8:24,573
932,Hanna Saiger,hsaigerpw@yandex.ru,Russia,16:47,1327
933,Broddie Hutable,bhutablepx@shinystat.com,Syria,6:37,554
934,Mervin Nilges,mnilgespy@multiply.com,Thailand,9:41,766
935,Aryn Doxsey,adoxseypz@wunderground.com,China,1:49,1339
936,Lilas Breitling,lbreitlingq0@mediafire.com,Indonesia,22:31,1431
937,Annette Hintze,ahintzeq1@amazon.com,Zambia,23:25,543
938,Cornell Montilla,cmontillaq2@nymag.com,Palestinian Territory,19:32,1490
939,Taffy Hawthorn,thawthornq3@xrea.com,France,8:50,882
940,Lucy Jowling,ljowlingq4@hexun.com,France,14:36,1065
941,Bethany McShirrie,bmcshirrieq5@cdbaby.com,Colombia,3:46,1243
942,Rusty Laybourne,rlaybourneq6@mtv.com,Greece,3:17,934
943,Catlee Pannett,cpannettq7@wsj.com,China,0:03,1417
944,Garret Bikker,gbikkerq8@themeforest.net,Indonesia,3:28,1103
945,Shana Skipsey,sskipseyq9@yolasite.com,China,12:14,611
946,Jarad Wackly,jwacklyqa@mail.ru,Honduras,10:51,667
947,Werner Cleyburn,wcleyburnqb@123-reg.co.uk,Sweden,2:45,1393
948,Ugo Ragge,uraggeqc@mediafire.com,France,11:21,920
949,Zachery McMenamin,zmcmenaminqd@booking.com,Canada,3:13,633
950,Skipton Balle,sballeqe@europa.eu,China,1:23,1483
951,Orin Goodram,ogoodramqf@ucsd.edu,Democratic Republic of the Congo,1:04,828
952,Herold Flower,hflowerqg@columbia.edu,Ireland,19:48,784
953,Delmer Lambrechts,dlambrechtsqh@dot.gov,Ukraine,4:48,1492
954,Gratia Naish,gnaishqi@microsoft.com,Brazil,0:22,634
955,Niko Malimoe,nmalimoeqj@tripod.com,Thailand,18:06,789
956,Noble Jacqueminet,njacqueminetqk@webeden.co.uk,United States,14:21,830
957,Townsend Beddon,tbeddonql@army.mil,United States,21:13,1231
958,Max Echlin,mechlinqm@github.io,Paraguay,8:49,1487
959,Husain Windross,hwindrossqn@wordpress.com,Russia,15:35,771
960,Sidnee Willett,swillettqo@chronoengine.com,South Korea,7:21,1112
961,Sidney Wingar,swingarqp@creativecommons.org,Portugal,18:51,811
962,Jill Clowney,jclowneyqq@wsj.com,France,21:25,1462
963,Leigha Ilott,lilottqr@tripod.com,Yemen,23:37,867
964,Judd Hargess,jhargessqs@thetimes.co.uk,Dominican Republic,13:41,1289
965,Mathilde Alton,maltonqt@fema.gov,United Kingdom,0:10,940
966,Curran Corrie,ccorriequ@reverbnation.com,Czech Republic,5:49,887
967,Ina Nijssen,inijssenqv@pen.io,France,6:50,919
968,Darb Dew,ddewqw@twitter.com,China,21:39,1487
969,Barry Corlett,bcorlettqx@ask.com,France,22:23,1490
970,Justis Povall,jpovallqy@hhs.gov,Russia,23:03,780
971,Curran Labon,clabonqz@aboutads.info,South Africa,5:12,1493
972,Brande Marchello,bmarchellor0@typepad.com,Malaysia,14:42,946
973,Eadmund Hugnot,ehugnotr1@accuweather.com,Portugal,11:54,1266
974,Bambie Amthor,bamthorr2@state.gov,Czech Republic,17:02,1049
975,Dasha Mathet,dmathetr3@ow.ly,New Caledonia,5:19,558
976,Katya Spellman,kspellmanr4@nydailynews.com,Russia,23:43,595
977,Adrian Gerry,agerryr5@imgur.com,Portugal,10:31,1222
978,Renaud Aronowicz,raronowiczr6@abc.net.au,Indonesia,9:11,837
979,Waylan Eagland,weaglandr7@arstechnica.com,China,18:04,1214
980,Lindon Treverton,ltrevertonr8@paypal.com,South Korea,13:50,1104
981,Edgardo Orthmann,eorthmannr9@cmu.edu,Senegal,19:08,1025
982,Shelley Elcox,selcoxra@shutterfly.com,Philippines,19:35,514
983,Xaviera MacKniely,xmacknielyrb@slideshare.net,Japan,23:37,1036
984,Arnold Dalling,adallingrc@google.pl,Indonesia,21:09,879
985,Mandie Kibblewhite,mkibblewhiterd@hc360.com,Indonesia,0:57,811
986,Harald Panniers,hpanniersre@bandcamp.com,Trinidad and Tobago,5:00,777
987,Tommy Readwood,treadwoodrf@businesswire.com,Malaysia,7:29,1188
988,Ferris Worshall,fworshallrg@huffingtonpost.com,Saudi Arabia,20:01,690
989,Aylmer Qualtro,aqualtrorh@google.es,Indonesia,2:02,794
990,Ignazio Fletcher,ifletcherri@nyu.edu,China,15:43,1440
991,Derrek Treherne,dtrehernerj@moonfruit.com,China,13:17,1092
992,Evelyn Wahncke,ewahnckerk@dailymail.co.uk,Colombia,12:23,1086
993,Alleen Cramer,acramerrl@ehow.com,Argentina,19:38,628
994,Daphene Snoxill,dsnoxillrm@macromedia.com,Belarus,0:01,1465
995,Rolland Milam,rmilamrn@nifty.com,Czech Republic,16:02,737
996,Agustin Lyddiatt,alyddiattro@github.com,Kazakhstan,8:31,569
997,Gretchen Skurray,gskurrayrp@ask.com,Indonesia,0:30,834
998,Stacy Fallon,sfallonrq@etsy.com,Indonesia,20:44,550
999,Magdalen Covelle,mcovellerr@wired.com,Jamaica,23:20,563
1000,a,a@a.a,awa,13:45,3
